"","MH_2A","MH_2B","MH_2C","MH_2D"
"MH_2A",1,0.38431046,0.36415146,0.47019492
"MH_2B",0.38431046,1,0.57602246,0.43416377
"MH_2C",0.36415146,0.57602246,1,0.42868415
"MH_2D",0.47019492,0.43416377,0.42868415,1
