"","MH_1A","MH_1B","MH_1C","MH_1D"
"MH_1A",1,0.56610308,0.51489833,0.59573845
"MH_1B",0.56610308,1,0.49242457,0.60797657
"MH_1C",0.51489833,0.49242457,1,0.58035673
"MH_1D",0.59573845,0.60797657,0.58035673,1
