"","SH_3A","SH_3B","SH_3C","SH_3D"
"SH_3A",1,0.80881844,0.62673002,0.71082954
"SH_3B",0.80881844,1,0.63323097,0.74502927
"SH_3C",0.62673002,0.63323097,1,0.69943988
"SH_3D",0.71082954,0.74502927,0.69943988,1
