"","PH_4A","PH_4B","PH_4C","PH_4D"
"PH_4A",1,0.59572207,0.62882569,0.72442147
"PH_4B",0.59572207,1,0.61352697,0.62559166
"PH_4C",0.62882569,0.61352697,1,0.76850478
"PH_4D",0.72442147,0.62559166,0.76850478,1
