"","SH_5A","SH_5B","SH_5C","SH_5D"
"SH_5A",1,0.6762341,0.6866074,0.65812149
"SH_5B",0.6762341,1,0.67019157,0.74874596
"SH_5C",0.6866074,0.67019157,1,0.78321875
"SH_5D",0.65812149,0.74874596,0.78321875,1
