"","SH_4A","SH_4B","SH_4C","SH_4D"
"SH_4A",1,0.48517422,0.59149686,0.48646224
"SH_4B",0.48517422,1,0.57761118,0.58400041
"SH_4C",0.59149686,0.57761118,1,0.58946046
"SH_4D",0.48646224,0.58400041,0.58946046,1
