"","SH_7A","SH_7B","SH_7C","SH_7D","SH_7E"
"SH_7A",1,0.59656384,0.42474734,0.3883532,0.42154267
"SH_7B",0.59656384,1,0.34337159,0.32035938,0.27828936
"SH_7C",0.42474734,0.34337159,1,0.88567505,0.30071889
"SH_7D",0.3883532,0.32035938,0.88567505,1,0.27422911
"SH_7E",0.42154267,0.27828936,0.30071889,0.27422911,1
