"","PH_1A","PH_1B","PH_1C","PH_1D"
"PH_1A",1,0.54380613,0.53909512,0.53693548
"PH_1B",0.54380613,1,0.61250063,0.50465499
"PH_1C",0.53909512,0.61250063,1,0.58322184
"PH_1D",0.53693548,0.50465499,0.58322184,1
