"","SH_1A","SH_1B","SH_1C","SH_1D"
"SH_1A",1,0.54853116,0.52154428,0.57772541
"SH_1B",0.54853116,1,0.54857603,0.62298338
"SH_1C",0.52154428,0.54857603,1,0.62261195
"SH_1D",0.57772541,0.62298338,0.62261195,1
